order_id,customer_email,customer_name,order_date,status,tracking_number,total_amount
ORD-1000,grace.davis@example.com,Grace Davis,2026-10-01,Delivered,1Z5775495423,228.35
ORD-1001,frank.anderson@example.com,Frank Anderson,2026-09-15,Shipped,1Z1842523897,349.51
ORD-1002,frank.wilson@example.com,Frank Wilson,2026-09-14,Delivered,1Z2081240771,350.07
ORD-1003,alice.brown@example.com,Alice Brown,2026-09-04,Processing,,217.21
ORD-1004,alice.doe@example.com,Alice Doe,2026-09-27,Cancelled,,352.71
ORD-1005,john.miller@example.com,John Miller,2026-09-25,Cancelled,,325.13
ORD-1006,charlie.doe@example.com,Charlie Doe,2026-09-18,Cancelled,,360.29
ORD-1007,jane.anderson@example.com,Jane Anderson,2026-09-24,Processing,,157.42
ORD-1008,grace.thomas@example.com,Grace Thomas,2026-09-08,Shipped,1Z4606200202,307.42
ORD-1009,bob.doe@example.com,Bob Doe,2026-09-28,Cancelled,,244.91
ORD-1010,charlie.taylor@example.com,Charlie Taylor,2026-10-01,Cancelled,,264.62
ORD-1011,frank.doe@example.com,Frank Doe,2026-09-16,Cancelled,,148.92
ORD-1012,charlie.miller@example.com,Charlie Miller,2026-09-16,Shipped,1Z4608776355,408.68
ORD-1013,alice.smith@example.com,Alice Smith,2026-09-06,Cancelled,,132.93
ORD-1014,bob.taylor@example.com,Bob Taylor,2026-09-14,Delivered,1Z3571433396,53.92
ORD-1015,henry.wilson@example.com,Henry Wilson,2026-10-02,Delivered,1Z4483303057,52.37
ORD-1016,charlie.wilson@example.com,Charlie Wilson,2026-09-29,Cancelled,,280.33
ORD-1017,alice.anderson@example.com,Alice Anderson,2026-09-12,Shipped,1Z1601315074,451.94
ORD-1018,grace.miller@example.com,Grace Miller,2026-09-15,Processing,,126.7
ORD-1019,henry.brown@example.com,Henry Brown,2026-09-05,Delivered,1Z6617885465,451.63
ORD-1020,jane.davis@example.com,Jane Davis,2026-09-26,Shipped,1Z5326058140,107.23
ORD-1021,charlie.smith@example.com,Charlie Smith,2026-09-19,Cancelled,,423.16
ORD-1022,alice.moore@example.com,Alice Moore,2026-09-03,Delivered,1Z6168417299,229.28
ORD-1023,john.anderson@example.com,John Anderson,2026-09-14,Delivered,1Z8330674100,157.57
ORD-1024,alice.anderson@example.com,Alice Anderson,2026-09-22,Processing,,188.78
ORD-1025,eve.wilson@example.com,Eve Wilson,2026-10-02,Delivered,1Z7289577000,450.18
ORD-1026,eve.doe@example.com,Eve Doe,2026-09-10,Delivered,1Z4335993030,123.02
ORD-1027,frank.miller@example.com,Frank Miller,2026-09-16,Processing,,211.24
ORD-1028,jane.smith@example.com,Jane Smith,2026-09-28,Delivered,1Z7378080742,14.13
ORD-1029,frank.brown@example.com,Frank Brown,2026-09-22,Processing,,146.77
ORD-1030,henry.smith@example.com,Henry Smith,2026-09-03,Processing,,218.02
ORD-1031,grace.miller@example.com,Grace Miller,2026-09-19,Delivered,1Z9565597336,161.37
ORD-1032,frank.miller@example.com,Frank Miller,2026-09-16,Processing,,484.79
ORD-1033,alice.brown@example.com,Alice Brown,2026-09-17,Shipped,1Z9034498585,395.9
ORD-1034,charlie.doe@example.com,Charlie Doe,2026-09-23,Processing,,477.94
ORD-1035,diana.smith@example.com,Diana Smith,2026-09-06,Cancelled,,262.03
ORD-1036,jane.moore@example.com,Jane Moore,2026-09-12,Delivered,1Z4394097582,329.22
ORD-1037,john.anderson@example.com,John Anderson,2026-09-08,Processing,,410.16
ORD-1038,frank.wilson@example.com,Frank Wilson,2026-09-09,Delivered,1Z3786351779,114.85
ORD-1039,diana.brown@example.com,Diana Brown,2026-09-18,Shipped,1Z2041549578,77.09
ORD-1040,eve.miller@example.com,Eve Miller,2026-09-18,Cancelled,,20.8
ORD-1041,bob.brown@example.com,Bob Brown,2026-10-02,Cancelled,,135.76
ORD-1042,bob.anderson@example.com,Bob Anderson,2026-09-19,Processing,,455.92
ORD-1043,charlie.miller@example.com,Charlie Miller,2026-09-17,Delivered,1Z1962631961,368.54
ORD-1044,charlie.brown@example.com,Charlie Brown,2026-09-30,Processing,,128.04
ORD-1045,alice.thomas@example.com,Alice Thomas,2026-09-06,Delivered,1Z4862800966,495.0
ORD-1046,diana.anderson@example.com,Diana Anderson,2026-09-22,Processing,,243.22
ORD-1047,charlie.smith@example.com,Charlie Smith,2026-09-29,Cancelled,,149.86
ORD-1048,eve.anderson@example.com,Eve Anderson,2026-09-16,Delivered,1Z5349693331,447.22
ORD-1049,eve.moore@example.com,Eve Moore,2026-09-14,Shipped,1Z8466309622,98.06
ORD-1050,henry.anderson@example.com,Henry Anderson,2026-09-07,Delivered,1Z5565605784,167.27
ORD-1051,eve.wilson@example.com,Eve Wilson,2026-09-16,Delivered,1Z6326985837,481.59
ORD-1052,jane.doe@example.com,Jane Doe,2026-09-15,Processing,,22.89
ORD-1053,diana.smith@example.com,Diana Smith,2026-09-11,Processing,,261.76
ORD-1054,charlie.moore@example.com,Charlie Moore,2026-09-12,Cancelled,,195.13
ORD-1055,john.doe@example.com,John Doe,2026-09-20,Cancelled,,451.37
ORD-1056,bob.davis@example.com,Bob Davis,2026-09-04,Shipped,1Z4801242336,127.2
ORD-1057,alice.smith@example.com,Alice Smith,2026-09-12,Delivered,1Z3451006266,421.69
ORD-1058,grace.miller@example.com,Grace Miller,2026-09-26,Cancelled,,136.4
ORD-1059,grace.wilson@example.com,Grace Wilson,2026-09-03,Cancelled,,488.3
ORD-1060,charlie.doe@example.com,Charlie Doe,2026-09-13,Cancelled,,488.03
ORD-1061,john.brown@example.com,John Brown,2026-09-13,Cancelled,,173.67
ORD-1062,charlie.brown@example.com,Charlie Brown,2026-09-19,Cancelled,,398.5
ORD-1063,jane.miller@example.com,Jane Miller,2026-09-20,Shipped,1Z3037356317,257.94
ORD-1064,bob.smith@example.com,Bob Smith,2026-09-07,Delivered,1Z9665984300,54.29
ORD-1065,jane.brown@example.com,Jane Brown,2026-09-27,Cancelled,,98.34
ORD-1066,alice.anderson@example.com,Alice Anderson,2026-09-27,Shipped,1Z6893670256,127.37
ORD-1067,alice.moore@example.com,Alice Moore,2026-09-06,Cancelled,,338.28
ORD-1068,bob.davis@example.com,Bob Davis,2026-09-23,Delivered,1Z4907501647,16.68
ORD-1069,grace.brown@example.com,Grace Brown,2026-09-25,Delivered,1Z9228804332,445.93
ORD-1070,eve.thomas@example.com,Eve Thomas,2026-09-16,Delivered,1Z6513706243,172.18
ORD-1071,jane.anderson@example.com,Jane Anderson,2026-09-18,Shipped,1Z1858604229,490.73
ORD-1072,grace.doe@example.com,Grace Doe,2026-09-10,Shipped,1Z1018532777,178.9
ORD-1073,eve.davis@example.com,Eve Davis,2026-09-25,Shipped,1Z8336686733,409.15
ORD-1074,grace.wilson@example.com,Grace Wilson,2026-09-21,Shipped,1Z4368258991,68.48
ORD-1075,grace.smith@example.com,Grace Smith,2026-10-01,Cancelled,,283.49
ORD-1076,bob.davis@example.com,Bob Davis,2026-09-28,Delivered,1Z4340915515,136.74
ORD-1077,alice.doe@example.com,Alice Doe,2026-09-29,Delivered,1Z2407936612,17.03
ORD-1078,alice.smith@example.com,Alice Smith,2026-09-03,Processing,,76.01
ORD-1079,alice.brown@example.com,Alice Brown,2026-09-24,Delivered,1Z9654813447,202.32
ORD-1080,jane.doe@example.com,Jane Doe,2026-09-28,Delivered,1Z9494407668,386.42
ORD-1081,jane.davis@example.com,Jane Davis,2026-09-18,Cancelled,,89.63
ORD-1082,bob.taylor@example.com,Bob Taylor,2026-09-04,Shipped,1Z9360340487,190.04
ORD-1083,henry.davis@example.com,Henry Davis,2026-10-02,Shipped,1Z2376568585,243.58
ORD-1084,eve.anderson@example.com,Eve Anderson,2026-09-27,Shipped,1Z6758584535,51.76
ORD-1085,diana.smith@example.com,Diana Smith,2026-09-12,Processing,,296.03
ORD-1086,diana.anderson@example.com,Diana Anderson,2026-09-20,Delivered,1Z5274349869,89.51
ORD-1087,henry.anderson@example.com,Henry Anderson,2026-09-10,Shipped,1Z9635612798,170.03
ORD-1088,bob.doe@example.com,Bob Doe,2026-09-04,Delivered,1Z5399328456,474.78
ORD-1089,frank.anderson@example.com,Frank Anderson,2026-09-16,Cancelled,,19.34
ORD-1090,bob.miller@example.com,Bob Miller,2026-09-11,Shipped,1Z4614244703,11.81
ORD-1091,jane.moore@example.com,Jane Moore,2026-09-03,Cancelled,,208.46
ORD-1092,frank.wilson@example.com,Frank Wilson,2026-09-13,Shipped,1Z2585177095,266.82
ORD-1093,john.taylor@example.com,John Taylor,2026-10-01,Cancelled,,334.85
ORD-1094,charlie.wilson@example.com,Charlie Wilson,2026-09-23,Processing,,250.8
ORD-1095,frank.doe@example.com,Frank Doe,2026-10-02,Delivered,1Z5117923532,190.09
ORD-1096,eve.anderson@example.com,Eve Anderson,2026-09-14,Shipped,1Z6049974381,487.72
ORD-1097,frank.miller@example.com,Frank Miller,2026-10-02,Processing,,348.84
ORD-1098,charlie.taylor@example.com,Charlie Taylor,2026-09-08,Shipped,1Z6368040166,285.11
ORD-1099,diana.anderson@example.com,Diana Anderson,2026-09-13,Delivered,1Z7435281783,23.87
